[{"model": "auth.permission", "pk": 1, "fields": {"name": "Can add log entry", "content_type": 1, "codename": "add_logentry"}}, {"model": "auth.permission", "pk": 2, "fields": {"name": "Can change log entry", "content_type": 1, "codename": "change_logentry"}}, {"model": "auth.permission", "pk": 3, "fields": {"name": "Can delete log entry", "content_type": 1, "codename": "delete_logentry"}}, {"model": "auth.permission", "pk": 4, "fields": {"name": "Can view log entry", "content_type": 1, "codename": "view_logentry"}}, {"model": "auth.permission", "pk": 5, "fields": {"name": "Can add permission", "content_type": 2, "codename": "add_permission"}}, {"model": "auth.permission", "pk": 6, "fields": {"name": "Can change permission", "content_type": 2, "codename": "change_permission"}}, {"model": "auth.permission", "pk": 7, "fields": {"name": "Can delete permission", "content_type": 2, "codename": "delete_permission"}}, {"model": "auth.permission", "pk": 8, "fields": {"name": "Can view permission", "content_type": 2, "codename": "view_permission"}}, {"model": "auth.permission", "pk": 9, "fields": {"name": "Can add group", "content_type": 3, "codename": "add_group"}}, {"model": "auth.permission", "pk": 10, "fields": {"name": "Can change group", "content_type": 3, "codename": "change_group"}}, {"model": "auth.permission", "pk": 11, "fields": {"name": "Can delete group", "content_type": 3, "codename": "delete_group"}}, {"model": "auth.permission", "pk": 12, "fields": {"name": "Can view group", "content_type": 3, "codename": "view_group"}}, {"model": "auth.permission", "pk": 13, "fields": {"name": "Can add content type", "content_type": 4, "codename": "add_contenttype"}}, {"model": "auth.permission", "pk": 14, "fields": {"name": "Can change content type", "content_type": 4, "codename": "change_contenttype"}}, {"model": "auth.permission", "pk": 15, "fields": {"name": "Can delete content type", "content_type": 4, "codename": "delete_contenttype"}}, {"model": "auth.permission", "pk": 16, "fields": {"name": "Can view content type", "content_type": 4, "codename": "view_contenttype"}}, {"model": "auth.permission", "pk": 17, "fields": {"name": "Can add session", "content_type": 5, "codename": "add_session"}}, {"model": "auth.permission", "pk": 18, "fields": {"name": "Can change session", "content_type": 5, "codename": "change_session"}}, {"model": "auth.permission", "pk": 19, "fields": {"name": "Can delete session", "content_type": 5, "codename": "delete_session"}}, {"model": "auth.permission", "pk": 20, "fields": {"name": "Can view session", "content_type": 5, "codename": "view_session"}}, {"model": "auth.permission", "pk": 21, "fields": {"name": "Can add user", "content_type": 6, "codename": "add_user"}}, {"model": "auth.permission", "pk": 22, "fields": {"name": "Can change user", "content_type": 6, "codename": "change_user"}}, {"model": "auth.permission", "pk": 23, "fields": {"name": "Can delete user", "content_type": 6, "codename": "delete_user"}}, {"model": "auth.permission", "pk": 24, "fields": {"name": "Can view user", "content_type": 6, "codename": "view_user"}}, {"model": "auth.permission", "pk": 25, "fields": {"name": "Can add loai phong", "content_type": 7, "codename": "add_loaiphong"}}, {"model": "auth.permission", "pk": 26, "fields": {"name": "Can change loai phong", "content_type": 7, "codename": "change_loaiphong"}}, {"model": "auth.permission", "pk": 27, "fields": {"name": "Can delete loai phong", "content_type": 7, "codename": "delete_loaiphong"}}, {"model": "auth.permission", "pk": 28, "fields": {"name": "Can view loai phong", "content_type": 7, "codename": "view_loaiphong"}}, {"model": "auth.permission", "pk": 29, "fields": {"name": "Can add tinh", "content_type": 8, "codename": "add_tinh"}}, {"model": "auth.permission", "pk": 30, "fields": {"name": "Can change tinh", "content_type": 8, "codename": "change_tinh"}}, {"model": "auth.permission", "pk": 31, "fields": {"name": "Can delete tinh", "content_type": 8, "codename": "delete_tinh"}}, {"model": "auth.permission", "pk": 32, "fields": {"name": "Can view tinh", "content_type": 8, "codename": "view_tinh"}}, {"model": "auth.permission", "pk": 33, "fields": {"name": "Can add hoa don", "content_type": 9, "codename": "add_hoadon"}}, {"model": "auth.permission", "pk": 34, "fields": {"name": "Can change hoa don", "content_type": 9, "codename": "change_hoadon"}}, {"model": "auth.permission", "pk": 35, "fields": {"name": "Can delete hoa don", "content_type": 9, "codename": "delete_hoadon"}}, {"model": "auth.permission", "pk": 36, "fields": {"name": "Can view hoa don", "content_type": 9, "codename": "view_hoadon"}}, {"model": "auth.permission", "pk": 37, "fields": {"name": "Can add sap xep tn", "content_type": 10, "codename": "add_sapxeptn"}}, {"model": "auth.permission", "pk": 38, "fields": {"name": "Can change sap xep tn", "content_type": 10, "codename": "change_sapxeptn"}}, {"model": "auth.permission", "pk": 39, "fields": {"name": "Can delete sap xep tn", "content_type": 10, "codename": "delete_sapxeptn"}}, {"model": "auth.permission", "pk": 40, "fields": {"name": "Can view sap xep tn", "content_type": 10, "codename": "view_sapxeptn"}}, {"model": "auth.permission", "pk": 41, "fields": {"name": "Can add anh", "content_type": 11, "codename": "add_anh"}}, {"model": "auth.permission", "pk": 42, "fields": {"name": "Can change anh", "content_type": 11, "codename": "change_anh"}}, {"model": "auth.permission", "pk": 43, "fields": {"name": "Can delete anh", "content_type": 11, "codename": "delete_anh"}}, {"model": "auth.permission", "pk": 44, "fields": {"name": "Can view anh", "content_type": 11, "codename": "view_anh"}}, {"model": "auth.permission", "pk": 45, "fields": {"name": "Can add danhgia", "content_type": 12, "codename": "add_danhgia"}}, {"model": "auth.permission", "pk": 46, "fields": {"name": "Can change danhgia", "content_type": 12, "codename": "change_danhgia"}}, {"model": "auth.permission", "pk": 47, "fields": {"name": "Can delete danhgia", "content_type": 12, "codename": "delete_danhgia"}}, {"model": "auth.permission", "pk": 48, "fields": {"name": "Can view danhgia", "content_type": 12, "codename": "view_danhgia"}}, {"model": "auth.permission", "pk": 49, "fields": {"name": "Can add khach san", "content_type": 13, "codename": "add_khachsan"}}, {"model": "auth.permission", "pk": 50, "fields": {"name": "Can change khach san", "content_type": 13, "codename": "change_khachsan"}}, {"model": "auth.permission", "pk": 51, "fields": {"name": "Can delete khach san", "content_type": 13, "codename": "delete_khachsan"}}, {"model": "auth.permission", "pk": 52, "fields": {"name": "Can view khach san", "content_type": 13, "codename": "view_khachsan"}}, {"model": "auth.permission", "pk": 53, "fields": {"name": "Can add tien nghi", "content_type": 14, "codename": "add_tiennghi"}}, {"model": "auth.permission", "pk": 54, "fields": {"name": "Can change tien nghi", "content_type": 14, "codename": "change_tiennghi"}}, {"model": "auth.permission", "pk": 55, "fields": {"name": "Can delete tien nghi", "content_type": 14, "codename": "delete_tiennghi"}}, {"model": "auth.permission", "pk": 56, "fields": {"name": "Can view tien nghi", "content_type": 14, "codename": "view_tiennghi"}}, {"model": "auth.permission", "pk": 57, "fields": {"name": "Can add chi tiet hoa don", "content_type": 15, "codename": "add_chitiethoadon"}}, {"model": "auth.permission", "pk": 58, "fields": {"name": "Can change chi tiet hoa don", "content_type": 15, "codename": "change_chitiethoadon"}}, {"model": "auth.permission", "pk": 59, "fields": {"name": "Can delete chi tiet hoa don", "content_type": 15, "codename": "delete_chitiethoadon"}}, {"model": "auth.permission", "pk": 60, "fields": {"name": "Can view chi tiet hoa don", "content_type": 15, "codename": "view_chitiethoadon"}}, {"model": "auth.permission", "pk": 61, "fields": {"name": "Can add phong", "content_type": 16, "codename": "add_phong"}}, {"model": "auth.permission", "pk": 62, "fields": {"name": "Can change phong", "content_type": 16, "codename": "change_phong"}}, {"model": "auth.permission", "pk": 63, "fields": {"name": "Can delete phong", "content_type": 16, "codename": "delete_phong"}}, {"model": "auth.permission", "pk": 64, "fields": {"name": "Can view phong", "content_type": 16, "codename": "view_phong"}}, {"model": "auth.group", "pk": 1, "fields": {"name": "khachhang", "permissions": []}}, {"model": "contenttypes.contenttype", "pk": 1, "fields": {"app_label": "admin", "model": "logentry"}}, {"model": "contenttypes.contenttype", "pk": 2, "fields": {"app_label": "auth", "model": "permission"}}, {"model": "contenttypes.contenttype", "pk": 3, "fields": {"app_label": "auth", "model": "group"}}, {"model": "contenttypes.contenttype", "pk": 4, "fields": {"app_label": "contenttypes", "model": "contenttype"}}, {"model": "contenttypes.contenttype", "pk": 5, "fields": {"app_label": "sessions", "model": "session"}}, {"model": "contenttypes.contenttype", "pk": 6, "fields": {"app_label": "app", "model": "user"}}, {"model": "contenttypes.contenttype", "pk": 7, "fields": {"app_label": "app", "model": "loaiphong"}}, {"model": "contenttypes.contenttype", "pk": 8, "fields": {"app_label": "app", "model": "tinh"}}, {"model": "contenttypes.contenttype", "pk": 9, "fields": {"app_label": "app", "model": "hoadon"}}, {"model": "contenttypes.contenttype", "pk": 10, "fields": {"app_label": "app", "model": "sapxeptn"}}, {"model": "contenttypes.contenttype", "pk": 11, "fields": {"app_label": "app", "model": "anh"}}, {"model": "contenttypes.contenttype", "pk": 12, "fields": {"app_label": "app", "model": "danhgia"}}, {"model": "contenttypes.contenttype", "pk": 13, "fields": {"app_label": "app", "model": "khachsan"}}, {"model": "contenttypes.contenttype", "pk": 14, "fields": {"app_label": "app", "model": "tiennghi"}}, {"model": "contenttypes.contenttype", "pk": 15, "fields": {"app_label": "app", "model": "chitiethoadon"}}, {"model": "contenttypes.contenttype", "pk": 16, "fields": {"app_label": "app", "model": "phong"}}, {"model": "sessions.session", "pk": "6zkkqksnk70pwfqltuxpsyb8ormakblt", "fields": {"session_data": ".eJxVjEEOwiAQRe_C2hBgKgwu3fcMDcyAVA0kpV0Z765NutDtf-_9l5jCtpZp62mZZhYXAeL0u8VAj1R3wPdQb01Sq-syR7kr8qBdjo3T83q4fwcl9PKt0Rq2ygNp1B4TOCYDQyal7BlNHhxwRmdSNgDWRO81qQjACA4ItRLvD7Y5No8:1r1EHZ:ME108NCeiDWBc-9WiZ7o46t9zIn31iyaprT5lAv0ILA", "expire_date": "2023-11-23T23:17:53.557Z"}}, {"model": "app.user", "pk": 1, "fields": {"password": "pbkdf2_sha256$600000$cMSJFHtnRUsLWIMR26psO6$5+R4utC3U90zVxf2zgkDcnBgeeORZq1OUuAjNSJcouo=", "last_login": "2023-11-10T08:15:51.897Z", "is_superuser": true, "username": "admin", "first_name": "", "last_name": "", "email": "admintravelnest@gmail.com", "is_staff": true, "is_active": true, "date_joined": "2023-11-03T18:52:51.426Z", "phone_number": null, "address": null, "avatar": "", "groups": [1], "user_permissions": []}}, {"model": "app.user", "pk": 3, "fields": {"password": "pbkdf2_sha256$600000$uQOSD0uzDVHAMQNgdeHU3d$OhBvBOLgZxeLnw9AZbWg/XHqAzmVKDLXXuFPUeIOVdE=", "last_login": "2023-11-09T23:17:53.554Z", "is_superuser": false, "username": "acc1", "first_name": "Acc", "last_name": "1", "email": "acc1@gmail.com", "is_staff": true, "is_active": true, "date_joined": "2023-11-09T03:09:17.410Z", "phone_number": null, "address": null, "avatar": "uploads/000040.JPG", "groups": [1], "user_permissions": []}}, {"model": "app.user", "pk": 4, "fields": {"password": "pbkdf2_sha256$600000$zN1wypxko9bAexZOR0xlgx$zJX0fCAZVxPfKFTriwpqXs/F/OOpd8qALztS5GLCBLQ=", "last_login": "2023-11-09T06:40:07.075Z", "is_superuser": false, "username": "acc2", "first_name": "", "last_name": "", "email": "", "is_staff": true, "is_active": true, "date_joined": "2023-11-09T05:33:17.740Z", "phone_number": null, "address": null, "avatar": "", "groups": [1], "user_permissions": []}}, {"model": "app.tinh", "pk": 1, "fields": {"tentinh": "Vũng Tàu", "anhtinh": "vung-tau.jpg"}}, {"model": "app.tinh", "pk": 2, "fields": {"tentinh": "Đà Nẵng", "anhtinh": "DaNang.png"}}, {"model": "app.tinh", "pk": 4, "fields": {"tentinh": "Hà Nội", "anhtinh": "HN.jpg"}}, {"model": "app.tinh", "pk": 5, "fields": {"tentinh": "Phan Thiết", "anhtinh": "PhanThiet.jpg"}}, {"model": "app.tinh", "pk": 6, "fields": {"tentinh": "Hà Giang", "anhtinh": "HaGiang.jpg"}}, {"model": "app.tinh", "pk": 7, "fields": {"tentinh": "Hội An", "anhtinh": "HoiAn.jpg"}}, {"model": "app.tinh", "pk": 8, "fields": {"tentinh": "TP. Hồ Chí Minh", "anhtinh": "HCM_yf1qxf7.jpg"}}, {"model": "app.khachsan", "pk": 1, "fields": {"tenkhachsan": "Park Hyatt Saigon", "diachi": "2 Công Trường Lam Sơn, Bến Nghé, Quận 1, Thành phố Hồ Chí Minh", "sdt": "0283 824 1234", "mota": "Khách sạn 5 sao", "email_ks": "saigon.park@hyatt.com", "tinh": 8, "anhkhachsan": "p1_uoXmJ9g.jpg", "ngay_them": "2023-11-09T08:59:37Z"}}, {"model": "app.khachsan", "pk": 2, "fields": {"tenkhachsan": "The Reverie Saigon", "diachi": "22-36 Đ. Nguyễn Huệ, Bến Nghé, Quận 1, Thành phố Hồ Chí Minh, Việt Nam", "sdt": "0283 823 6688", "mota": "Khách sạn 5 sao", "email_ks": "info@thereveriesaigon.com", "tinh": 8, "anhkhachsan": "ks2.jpg", "ngay_them": "2023-11-09T09:13:10Z"}}, {"model": "app.khachsan", "pk": 3, "fields": {"tenkhachsan": "Chicland Hotel", "diachi": "10-22 Hà Chương, Phước Mỹ, Sơn Trà, Đà Nẵng 550000, Việt Nam", "sdt": "023 6223 2222", "mota": "Khách sạn 4 sao", "email_ks": "reservations@chiclandhotel.com", "tinh": 2, "anhkhachsan": "ks3.jpg", "ngay_them": "2023-11-09T09:01:18Z"}}, {"model": "app.khachsan", "pk": 4, "fields": {"tenkhachsan": "Fusion Suites Danang Beach", "diachi": "88 Võ Nguyên Giáp, Quận Sơn Trà, TP. Đà Nẵng", "sdt": "023 6391 9777", "mota": "Khách sạn 5 sao", "email_ks": "fusion-suites@gmail.com", "tinh": 2, "anhkhachsan": "k3.jpg", "ngay_them": "2023-11-09T09:02:06Z"}}, {"model": "app.khachsan", "pk": 5, "fields": {"tenkhachsan": "Fusion Suites Vũng Tàu", "diachi": "2 Truong Cong Dinh, Phường 2, TP. Vũng Tàu", "sdt": "02546 257 272", "mota": "Khách sạn 4 sao", "email_ks": "reservations.fsvt@fusionhotelgroup.com", "tinh": 1, "anhkhachsan": "k5.jpg", "ngay_them": "2023-11-09T09:02:06Z"}}, {"model": "app.khachsan", "pk": 6, "fields": {"tenkhachsan": "Grand Hotel Vung Tau", "diachi": "2 Nguyễn Du, Phường 1, TP. Vũng Tàu", "sdt": "0254 3856 888", "mota": "Khách sạn 4 sao", "email_ks": "grandhotel@gmail.com", "tinh": 1, "anhkhachsan": "k6.jpg", "ngay_them": null}}, {"model": "app.khachsan", "pk": 7, "fields": {"tenkhachsan": "Sofitel Legend Metropole", "diachi": "15 Ngô Quyền, Quận Hoàn Kiếm, TP. Hà Nội", "sdt": "024 382 66919", "mota": "Khách sạn 5 sao", "email_ks": "h1555@sofitel.com", "tinh": 4, "anhkhachsan": "k7.jpg", "ngay_them": null}}, {"model": "app.khachsan", "pk": 8, "fields": {"tenkhachsan": "Khách Sạn Phoenix", "diachi": "92T Nguyễn Trãi, TP. Hà Giang, Hà Giang", "sdt": "021 9650 6666", "mota": "Khách sạn 4 sao", "email_ks": "phoenixhg@gmail.com", "tinh": 6, "anhkhachsan": "k8.jpg", "ngay_them": "2023-11-09T09:16:13Z"}}, {"model": "app.khachsan", "pk": 9, "fields": {"tenkhachsan": "Khách Sạn Đinh Gia", "diachi": "20 Hoàng Hữu Chuyên, Phương Thiện, Hà Giang, Việt Nam", "sdt": "0965 525 086", "mota": "Khách sạn 3 sao", "email_ks": "dinhgiahotelhg@gmail.com", "tinh": 6, "anhkhachsan": "k9.jpg", "ngay_them": "2023-11-09T09:22:20Z"}}, {"model": "app.khachsan", "pk": 10, "fields": {"tenkhachsan": "1991 Boutique Hotel", "diachi": "24 Nguyên Hồng, Phường Phú Thủy, TP. Phan Thiết, Bình Thuận", "sdt": "096 502 0219", "mota": "Khách sạn 2 sao", "email_ks": "1991hotelpt@gmail.com", "tinh": 5, "anhkhachsan": "k10.jpg", "ngay_them": "2023-11-09T09:22:55Z"}}, {"model": "app.khachsan", "pk": 11, "fields": {"tenkhachsan": "Radisson Resort Phan Thiết", "diachi": "51 Lạc Long Quân, Tiến Thành, Thành phố Phan Thiết, Bình Thuận, Việt Nam", "sdt": "089 824 7482", "mota": "Resort", "email_ks": "novatourvn2022@gmail.com", "tinh": 5, "anhkhachsan": "k11.jpg", "ngay_them": "2023-11-09T09:23:11Z"}}, {"model": "app.khachsan", "pk": 12, "fields": {"tenkhachsan": "Khách Sạn Golden Pearl Hội An", "diachi": "188 Lý Thái Tổ, Cẩm Sơn, TP. Hội An, Quảng Nam", "sdt": "0235 3928 777", "mota": "Khách sạn 3 sao", "email_ks": "info@goldenpearlhoian.com", "tinh": 7, "anhkhachsan": "k12.jpg", "ngay_them": "2023-11-09T09:23:34Z"}}, {"model": "app.loaiphong", "pk": 1, "fields": {"tenloaiphong": "Phòng Standard", "mota_loaiphong": "Phòng thường khá nhỏ, được bố trí ở các tầng thấp, không có view đẹp và chỉ gồm những vật dụng cơ bản nhất."}}, {"model": "app.loaiphong", "pk": 2, "fields": {"tenloaiphong": "Phòng Superior", "mota_loaiphong": "Diện tích phòng được tăng thêm, có view nhìn và cách bày trí đẹp mắt."}}, {"model": "app.loaiphong", "pk": 3, "fields": {"tenloaiphong": "Phòng Deluxe", "mota_loaiphong": "Nằm ở các tầng giữa trở lên nên sở hữu view nhìn ra quang cảnh bên ngoài khá đẹp."}}, {"model": "app.loaiphong", "pk": 4, "fields": {"tenloaiphong": "Phòng Suite", "mota_loaiphong": "Loại phòng cao cấp nhất."}}, {"model": "app.loaiphong", "pk": 5, "fields": {"tenloaiphong": "Single Bedroom", "mota_loaiphong": "phòng 1 giường đơn cho 1 người."}}, {"model": "app.loaiphong", "pk": 6, "fields": {"tenloaiphong": "Twin Bedroom", "mota_loaiphong": "phòng 2 giường đơn cho 2 người."}}, {"model": "app.loaiphong", "pk": 7, "fields": {"tenloaiphong": "Double Bedroom", "mota_loaiphong": "phòng 1 giường đôi cho 2 người."}}, {"model": "app.loaiphong", "pk": 8, "fields": {"tenloaiphong": "Triple Bedroom", "mota_loaiphong": "phòng 3 giường đơn HOẶC 1 giường đôi và 1 giường đơn cho 3 người."}}, {"model": "app.loaiphong", "pk": 9, "fields": {"tenloaiphong": "Căn hộ gia đình", "mota_loaiphong": "Phòng lớn phụ hợp cho gia đình."}}, {"model": "app.loaiphong", "pk": 10, "fields": {"tenloaiphong": "Phòng Suite view thành phố", "mota_loaiphong": "Nhìn Ra Thành Phố"}}, {"model": "app.phong", "pk": 1, "fields": {"loaiphong": 4, "loaigiuong": "1 Giường đôi", "mota": "1 phòng ngủ, phòng khách, ban công, nhà bếp", "dientich": "45m2", "phongtam": "1 phòng tắm lớn", "soluongnguoi": 1, "giaphong": 2500000.0, "trangthaiphong": "Trống", "khachsan": 1}}, {"model": "app.phong", "pk": 2, "fields": {"loaiphong": 10, "loaigiuong": "2 Giường đơn", "mota": "2 phòng ngủ, có phòng khách, nhà bếp, ban công", "dientich": "45m2", "phongtam": "2 phòng tắm", "soluongnguoi": 2, "giaphong": 3500000.0, "trangthaiphong": "Trống", "khachsan": 1}}, {"model": "app.phong", "pk": 3, "fields": {"loaiphong": 5, "loaigiuong": "1 Giường đơn", "mota": "1 phòng ngủ, có phòng khách, nhà bếp, ban công", "dientich": "35 m2", "phongtam": "1 phòng tắm lớn", "soluongnguoi": 1, "giaphong": 1500000.0, "trangthaiphong": "Trống", "khachsan": 2}}, {"model": "app.phong", "pk": 4, "fields": {"loaiphong": 2, "loaigiuong": "Giường đôi", "mota": "1 phòng ngủ, có phòng khách", "dientich": "35 m2", "phongtam": "1 phòng tắm lớn", "soluongnguoi": 2, "giaphong": 2000000.0, "trangthaiphong": "Trống", "khachsan": 2}}, {"model": "app.phong", "pk": 5, "fields": {"loaiphong": 6, "loaigiuong": "2 Giường đơn", "mota": "1 phòng ngủ, có phòng khách, view biển", "dientich": "30 m2", "phongtam": "1 phòng tắm lớn", "soluongnguoi": 2, "giaphong": 1500000.0, "trangthaiphong": "Trống", "khachsan": 3}}, {"model": "app.phong", "pk": 6, "fields": {"loaiphong": 9, "loaigiuong": "1 giường đôi, 2 giường đơn", "mota": "2 phòng ngủ, có ban công nhìn ra biển", "dientich": "35 m2", "phongtam": "2 phòng tắm", "soluongnguoi": 4, "giaphong": 2000000.0, "trangthaiphong": "Trống", "khachsan": 4}}, {"model": "app.phong", "pk": 7, "fields": {"loaiphong": 4, "loaigiuong": "1 Giường đôi", "mota": "1 phòng ngủ, có phòng khách", "dientich": "30 m2", "phongtam": "1 phòng tắm lớn", "soluongnguoi": 1, "giaphong": 1200000.0, "trangthaiphong": "Trống", "khachsan": 4}}, {"model": "app.phong", "pk": 8, "fields": {"loaiphong": 7, "loaigiuong": "Giường đôi", "mota": "1 phòng ngủ, có phòng khách, vi", "dientich": "30 m2", "phongtam": "1 phòng tắm", "soluongnguoi": 2, "giaphong": 900000.0, "trangthaiphong": "Trống", "khachsan": 5}}, {"model": "app.phong", "pk": 9, "fields": {"loaiphong": 3, "loaigiuong": "2 Giường đơn", "mota": "2 phòng ngủ, có phòng khách, nhà bếp", "dientich": "30 m2", "phongtam": "2 phòng tắm", "soluongnguoi": 2, "giaphong": 950000.0, "trangthaiphong": "Trống", "khachsan": 6}}, {"model": "app.phong", "pk": 10, "fields": {"loaiphong": 3, "loaigiuong": "Giường đôi", "mota": "1 phòng ngủ, phòng khách, nhà bếp, ban công", "dientich": "25m2", "phongtam": "1 phòng tắm", "soluongnguoi": 1, "giaphong": 900000.0, "trangthaiphong": "Trống", "khachsan": 7}}, {"model": "app.phong", "pk": 11, "fields": {"loaiphong": 7, "loaigiuong": "Giường đôi", "mota": "1 phòng ngủ, phòng khách", "dientich": "25m2", "phongtam": "1 phòng tắm", "soluongnguoi": 2, "giaphong": 700000.0, "trangthaiphong": "Trống", "khachsan": 8}}, {"model": "app.phong", "pk": 12, "fields": {"loaiphong": 9, "loaigiuong": "1 Giường đôi", "mota": "1 phòng ngủ, có phòng khách, nhà bếp", "dientich": "30 m2", "phongtam": "2 phòng tắm", "soluongnguoi": 3, "giaphong": 1000000.0, "trangthaiphong": "Trống", "khachsan": 9}}, {"model": "app.phong", "pk": 13, "fields": {"loaiphong": 1, "loaigiuong": "1 Giường đôi", "mota": "1 phòng ngủ, phòng khách", "dientich": "25m2", "phongtam": "1 phòng tắm", "soluongnguoi": 2, "giaphong": 500000.0, "trangthaiphong": "Trống", "khachsan": 10}}, {"model": "app.phong", "pk": 14, "fields": {"loaiphong": 9, "loaigiuong": "2 Giường đơn, 1 giường đôi", "mota": "2 phòng ngủ, có phòng khách, nhà bếp, view biển", "dientich": "35 m2", "phongtam": "2 phòng tắm", "soluongnguoi": 4, "giaphong": 1800000.0, "trangthaiphong": "Trống", "khachsan": 11}}, {"model": "app.phong", "pk": 15, "fields": {"loaiphong": 3, "loaigiuong": "2 Giường đơn", "mota": "2 phòng ngủ, có phòng khách, nhà bếp", "dientich": "30 m2", "phongtam": "1 phòng tắm", "soluongnguoi": 2, "giaphong": 950000.0, "trangthaiphong": "Trống", "khachsan": 12}}, {"model": "app.phong", "pk": 16, "fields": {"loaiphong": 3, "loaigiuong": "Giường đôi", "mota": "1 phòng ngủ, có phòng khách", "dientich": "30 m2", "phongtam": "1 phòng tắm lớn", "soluongnguoi": 2, "giaphong": 1500000.0, "trangthaiphong": "Trống", "khachsan": 1}}, {"model": "app.phong", "pk": 17, "fields": {"loaiphong": 1, "loaigiuong": "1 giường đôi, 1 giường đơn", "mota": "2 phòng ngủ, có phòng khách, nhà bếp", "dientich": "35 m2", "phongtam": "2 phòng tắm", "soluongnguoi": 3, "giaphong": 2100000.0, "trangthaiphong": "Trống", "khachsan": 1}}, {"model": "app.phong", "pk": 18, "fields": {"loaiphong": 4, "loaigiuong": "1 Giường đơn", "mota": "1 phòng ngủ, có phòng khách", "dientich": "25m2", "phongtam": "1 phòng tắm", "soluongnguoi": 1, "giaphong": 2000000.0, "trangthaiphong": "Trống", "khachsan": 2}}, {"model": "app.phong", "pk": 19, "fields": {"loaiphong": 8, "loaigiuong": "3 giường đơn", "mota": "2 phòng ngủ, có phòng khách, nhà bếp", "dientich": "30 m2", "phongtam": "2 phòng tắm", "soluongnguoi": 3, "giaphong": 2300000.0, "trangthaiphong": "Trống", "khachsan": 2}}, {"model": "app.phong", "pk": 20, "fields": {"loaiphong": 7, "loaigiuong": "2 Giường đơn", "mota": "2 phòng ngủ, có phòng khách, nhà bếp", "dientich": "30 m2", "phongtam": "2 phòng tắm", "soluongnguoi": 2, "giaphong": 1900000.0, "trangthaiphong": "Trống", "khachsan": 3}}, {"model": "app.phong", "pk": 21, "fields": {"loaiphong": 5, "loaigiuong": "1 Giường đơn", "mota": "1 phòng ngủ, có phòng khách", "dientich": "25m2", "phongtam": "1 phòng tắm", "soluongnguoi": 1, "giaphong": 1500000.0, "trangthaiphong": "Trống", "khachsan": 3}}, {"model": "app.phong", "pk": 22, "fields": {"loaiphong": 9, "loaigiuong": "2 Giường đơn, 1 giường đôi", "mota": "2 phòng ngủ, có phòng khách, nhà bếp", "dientich": "35 m2", "phongtam": "2 phòng tắm", "soluongnguoi": 3, "giaphong": 1600000.0, "trangthaiphong": "Trống", "khachsan": 3}}, {"model": "app.phong", "pk": 23, "fields": {"loaiphong": 1, "loaigiuong": "Giường đơn", "mota": "1 phòng ngủ, có phòng khách", "dientich": "25m2", "phongtam": "1 phòng tắm", "soluongnguoi": 1, "giaphong": 1700000.0, "trangthaiphong": "Trống", "khachsan": 4}}, {"model": "app.phong", "pk": 24, "fields": {"loaiphong": 3, "loaigiuong": "2 Giường đơn", "mota": "2 phòng ngủ, có phòng khách, nhà bếp", "dientich": "30 m2", "phongtam": "2 phòng tắm", "soluongnguoi": 2, "giaphong": 2400000.0, "trangthaiphong": "Trống", "khachsan": 4}}, {"model": "app.phong", "pk": 25, "fields": {"loaiphong": 1, "loaigiuong": "1 Giường đôi", "mota": "1 phòng ngủ, có phòng khách", "dientich": "25m2", "phongtam": "1 phòng tắm", "soluongnguoi": 2, "giaphong": 1500000.0, "trangthaiphong": "Trống", "khachsan": 5}}, {"model": "app.phong", "pk": 26, "fields": {"loaiphong": 6, "loaigiuong": "2 Giường đơn", "mota": "1 phòng ngủ, có phòng khách", "dientich": "25m2", "phongtam": "1 phòng tắm", "soluongnguoi": 2, "giaphong": 1500000.0, "trangthaiphong": "Trống", "khachsan": 5}}, {"model": "app.phong", "pk": 27, "fields": {"loaiphong": 4, "loaigiuong": "Giường đôi", "mota": "1 phòng ngủ, phòng khách", "dientich": "35 m2", "phongtam": "1 phòng tắm", "soluongnguoi": 2, "giaphong": 2100000.0, "trangthaiphong": "Trống", "khachsan": 5}}, {"model": "app.phong", "pk": 28, "fields": {"loaiphong": 2, "loaigiuong": "2 Giường đơn", "mota": "2 phòng ngủ, có phòng khách, nhà bếp", "dientich": "30 m2", "phongtam": "2 phòng tắm", "soluongnguoi": 2, "giaphong": 2100000.0, "trangthaiphong": "Trống", "khachsan": 6}}, {"model": "app.phong", "pk": 29, "fields": {"loaiphong": 8, "loaigiuong": "2 giường đôi, 1 giường đơn", "mota": "2 phòng ngủ, có phòng khách, nhà bếp", "dientich": "35 m2", "phongtam": "2 phòng tắm", "soluongnguoi": 5, "giaphong": 2500000.0, "trangthaiphong": "Trống", "khachsan": 6}}, {"model": "app.phong", "pk": 30, "fields": {"loaiphong": 5, "loaigiuong": "1", "mota": "1 phòng ngủ, có phòng khách", "dientich": "25m2", "phongtam": "1 phòng tắm", "soluongnguoi": 1, "giaphong": 950000.0, "trangthaiphong": "Trống", "khachsan": 7}}, {"model": "app.phong", "pk": 31, "fields": {"loaiphong": 9, "loaigiuong": "1 giường đôi, 1 giường đơn", "mota": "2 phòng ngủ, có phòng khách, nhà bếp", "dientich": "35 m2", "phongtam": "2 phòng tắm", "soluongnguoi": 3, "giaphong": 2000000.0, "trangthaiphong": "Trống", "khachsan": 7}}, {"model": "app.phong", "pk": 32, "fields": {"loaiphong": 1, "loaigiuong": "1 Giường đôi", "mota": "1 phòng ngủ, có phòng khách", "dientich": "25m2", "phongtam": "1 phòng tắm", "soluongnguoi": 2, "giaphong": 1700000.0, "trangthaiphong": "Trống", "khachsan": 8}}, {"model": "app.phong", "pk": 33, "fields": {"loaiphong": 5, "loaigiuong": "1 Giường đôi", "mota": "1 phòng ngủ, có phòng khách", "dientich": "25m2", "phongtam": "1 phòng tắm", "soluongnguoi": 1, "giaphong": 800000.0, "trangthaiphong": "Trống", "khachsan": 8}}, {"model": "app.phong", "pk": 34, "fields": {"loaiphong": 6, "loaigiuong": "2 Giường đơn", "mota": "1 phòng ngủ, có phòng khách", "dientich": "25m2", "phongtam": "1 phòng tắm", "soluongnguoi": 2, "giaphong": 1100000.0, "trangthaiphong": "Trống", "khachsan": 8}}, {"model": "app.phong", "pk": 35, "fields": {"loaiphong": 3, "loaigiuong": "Giường đôi", "mota": "1 phòng ngủ, có phòng khách", "dientich": "35 m2", "phongtam": "1 phòng tắm", "soluongnguoi": 2, "giaphong": 2300000.0, "trangthaiphong": "Trống", "khachsan": 10}}, {"model": "app.anh", "pk": 2, "fields": {"anhphong": "p1-1.jpg", "phong": 1}}, {"model": "app.anh", "pk": 3, "fields": {"anhphong": "p1-2.jpg", "phong": 1}}, {"model": "app.anh", "pk": 4, "fields": {"anhphong": "p2-1.jpg", "phong": 2}}, {"model": "app.anh", "pk": 5, "fields": {"anhphong": "p2-2.jpg", "phong": 2}}, {"model": "app.anh", "pk": 6, "fields": {"anhphong": "p3-1.jpg", "phong": 3}}, {"model": "app.anh", "pk": 7, "fields": {"anhphong": "p3-2.jpg", "phong": 3}}, {"model": "app.anh", "pk": 8, "fields": {"anhphong": "p4-1.jpg", "phong": 4}}, {"model": "app.anh", "pk": 9, "fields": {"anhphong": "p4-2.jpg", "phong": 4}}, {"model": "app.anh", "pk": 10, "fields": {"anhphong": "p4-3.jpg", "phong": 4}}, {"model": "app.anh", "pk": 11, "fields": {"anhphong": "p5-1.jpg", "phong": 5}}, {"model": "app.anh", "pk": 12, "fields": {"anhphong": "p5-2.jpg", "phong": 5}}, {"model": "app.anh", "pk": 13, "fields": {"anhphong": "p5-3.jpg", "phong": 5}}, {"model": "app.anh", "pk": 14, "fields": {"anhphong": "p6-1.jpg", "phong": 6}}, {"model": "app.anh", "pk": 15, "fields": {"anhphong": "p6-2.jpg", "phong": 6}}, {"model": "app.anh", "pk": 16, "fields": {"anhphong": "p6-3.jpg", "phong": 6}}, {"model": "app.anh", "pk": 17, "fields": {"anhphong": "p7-1.jpg", "phong": 7}}, {"model": "app.anh", "pk": 18, "fields": {"anhphong": "p7-2.jpg", "phong": 7}}, {"model": "app.anh", "pk": 19, "fields": {"anhphong": "p7-2_85AFUjx.jpg", "phong": 7}}, {"model": "app.anh", "pk": 20, "fields": {"anhphong": "p7-3.jpg", "phong": 7}}, {"model": "app.anh", "pk": 21, "fields": {"anhphong": "p8-1.jpg", "phong": 8}}, {"model": "app.anh", "pk": 22, "fields": {"anhphong": "p8-2.jpg", "phong": 8}}, {"model": "app.anh", "pk": 23, "fields": {"anhphong": "p8-3.jpg", "phong": 8}}, {"model": "app.anh", "pk": 24, "fields": {"anhphong": "p9-1.jpg", "phong": 9}}, {"model": "app.anh", "pk": 25, "fields": {"anhphong": "p9-2.jpg", "phong": 9}}, {"model": "app.anh", "pk": 26, "fields": {"anhphong": "p9-3.jpg", "phong": 9}}, {"model": "app.anh", "pk": 27, "fields": {"anhphong": "p10-1.jpg", "phong": 10}}, {"model": "app.anh", "pk": 28, "fields": {"anhphong": "p10-2.jpg", "phong": 10}}, {"model": "app.anh", "pk": 29, "fields": {"anhphong": "p10-3.jpg", "phong": 10}}, {"model": "app.anh", "pk": 30, "fields": {"anhphong": "p11-1.jpg", "phong": 11}}, {"model": "app.anh", "pk": 31, "fields": {"anhphong": "p11-2.jpg", "phong": 11}}, {"model": "app.anh", "pk": 32, "fields": {"anhphong": "p11-3.jpg", "phong": 11}}, {"model": "app.anh", "pk": 33, "fields": {"anhphong": "p12-1.jpg", "phong": 12}}, {"model": "app.anh", "pk": 34, "fields": {"anhphong": "p12-2.jpg", "phong": 12}}, {"model": "app.anh", "pk": 35, "fields": {"anhphong": "p12-3.jpg", "phong": 12}}, {"model": "app.anh", "pk": 36, "fields": {"anhphong": "p13-1.jpg", "phong": 13}}, {"model": "app.anh", "pk": 37, "fields": {"anhphong": "p13-2.jpg", "phong": 13}}, {"model": "app.anh", "pk": 38, "fields": {"anhphong": "p13-3.jpg", "phong": 13}}, {"model": "app.anh", "pk": 39, "fields": {"anhphong": "p14-1.jpg", "phong": 14}}, {"model": "app.anh", "pk": 40, "fields": {"anhphong": "p14-2.jpg", "phong": 14}}, {"model": "app.anh", "pk": 41, "fields": {"anhphong": "p14-3.jpg", "phong": 14}}, {"model": "app.anh", "pk": 42, "fields": {"anhphong": "p15-1.jpg", "phong": 15}}, {"model": "app.anh", "pk": 43, "fields": {"anhphong": "p15-2.jpg", "phong": 15}}, {"model": "app.anh", "pk": 44, "fields": {"anhphong": "p15-3.jpg", "phong": 15}}, {"model": "app.anh", "pk": 45, "fields": {"anhphong": "p16-1.jpg", "phong": 16}}, {"model": "app.anh", "pk": 46, "fields": {"anhphong": "p16-2.jpg", "phong": 16}}, {"model": "app.anh", "pk": 47, "fields": {"anhphong": "p16-3.jpg", "phong": 16}}, {"model": "app.anh", "pk": 48, "fields": {"anhphong": "p17-1.jpg", "phong": 17}}, {"model": "app.anh", "pk": 49, "fields": {"anhphong": "17-2.jpg", "phong": 17}}, {"model": "app.anh", "pk": 50, "fields": {"anhphong": "17-3.jpg", "phong": 17}}, {"model": "app.anh", "pk": 51, "fields": {"anhphong": "p18-1.jpg", "phong": 18}}, {"model": "app.anh", "pk": 52, "fields": {"anhphong": "18-2.jpg", "phong": 18}}, {"model": "app.anh", "pk": 53, "fields": {"anhphong": "18-3.jpg", "phong": 18}}, {"model": "app.anh", "pk": 54, "fields": {"anhphong": "19-1.jpg", "phong": 19}}, {"model": "app.anh", "pk": 55, "fields": {"anhphong": "19-2.jpg", "phong": 19}}, {"model": "app.anh", "pk": 56, "fields": {"anhphong": "19-3.jpg", "phong": 19}}, {"model": "app.anh", "pk": 57, "fields": {"anhphong": "20-1.jpg", "phong": 20}}, {"model": "app.anh", "pk": 58, "fields": {"anhphong": "20-2.jpg", "phong": 20}}, {"model": "app.anh", "pk": 59, "fields": {"anhphong": "20-3.jpg", "phong": 20}}, {"model": "app.anh", "pk": 60, "fields": {"anhphong": "21-1.jpg", "phong": 21}}, {"model": "app.anh", "pk": 61, "fields": {"anhphong": "21-2.jpg", "phong": 21}}, {"model": "app.anh", "pk": 62, "fields": {"anhphong": "213.jpg", "phong": 21}}, {"model": "app.anh", "pk": 63, "fields": {"anhphong": "22-1.jpg", "phong": 22}}, {"model": "app.anh", "pk": 64, "fields": {"anhphong": "22-2.jpg", "phong": 22}}, {"model": "app.anh", "pk": 66, "fields": {"anhphong": "22-3_HtBbNYl.jpg", "phong": 22}}, {"model": "app.anh", "pk": 67, "fields": {"anhphong": "241.jpg", "phong": 24}}, {"model": "app.anh", "pk": 68, "fields": {"anhphong": "242.jpg", "phong": 24}}, {"model": "app.anh", "pk": 69, "fields": {"anhphong": "243.jpg", "phong": 24}}, {"model": "app.anh", "pk": 70, "fields": {"anhphong": "251.jpg", "phong": 25}}, {"model": "app.anh", "pk": 71, "fields": {"anhphong": "252.jpg", "phong": 25}}, {"model": "app.anh", "pk": 73, "fields": {"anhphong": "253_i81hVPp.jpg", "phong": 25}}, {"model": "app.anh", "pk": 74, "fields": {"anhphong": "361.jpg", "phong": 26}}, {"model": "app.anh", "pk": 75, "fields": {"anhphong": "262.jpg", "phong": 26}}, {"model": "app.anh", "pk": 76, "fields": {"anhphong": "263.jpg", "phong": 26}}, {"model": "app.anh", "pk": 77, "fields": {"anhphong": "263_hMkK6Mk.jpg", "phong": 26}}, {"model": "app.anh", "pk": 78, "fields": {"anhphong": "271.jpg", "phong": 27}}, {"model": "app.anh", "pk": 79, "fields": {"anhphong": "272.jpg", "phong": 27}}, {"model": "app.anh", "pk": 80, "fields": {"anhphong": "273.jpg", "phong": 27}}, {"model": "app.anh", "pk": 81, "fields": {"anhphong": "281.jpg", "phong": 28}}, {"model": "app.anh", "pk": 82, "fields": {"anhphong": "282.jpg", "phong": 28}}, {"model": "app.anh", "pk": 83, "fields": {"anhphong": "283.jpg", "phong": 28}}, {"model": "app.anh", "pk": 84, "fields": {"anhphong": "291.jpg", "phong": 29}}, {"model": "app.anh", "pk": 85, "fields": {"anhphong": "292.jpg", "phong": 29}}, {"model": "app.anh", "pk": 86, "fields": {"anhphong": "293.jpg", "phong": 29}}, {"model": "app.anh", "pk": 87, "fields": {"anhphong": "301.jpg", "phong": 30}}, {"model": "app.anh", "pk": 88, "fields": {"anhphong": "302.jpg", "phong": 30}}, {"model": "app.anh", "pk": 89, "fields": {"anhphong": "303.jpg", "phong": 30}}, {"model": "app.anh", "pk": 90, "fields": {"anhphong": "311.jpg", "phong": 31}}, {"model": "app.anh", "pk": 91, "fields": {"anhphong": "312.jpg", "phong": 31}}, {"model": "app.anh", "pk": 92, "fields": {"anhphong": "313.jpg", "phong": 31}}, {"model": "app.anh", "pk": 93, "fields": {"anhphong": "321.jpg", "phong": 32}}, {"model": "app.anh", "pk": 94, "fields": {"anhphong": "322.jpg", "phong": 32}}, {"model": "app.anh", "pk": 95, "fields": {"anhphong": "333.jpg", "phong": 32}}, {"model": "app.anh", "pk": 96, "fields": {"anhphong": "341.jpg", "phong": 34}}, {"model": "app.anh", "pk": 97, "fields": {"anhphong": "342.jpg", "phong": 34}}, {"model": "app.anh", "pk": 98, "fields": {"anhphong": "343.jpg", "phong": 34}}, {"model": "app.anh", "pk": 99, "fields": {"anhphong": "343_Aq5ChRf.jpg", "phong": 34}}, {"model": "app.anh", "pk": 100, "fields": {"anhphong": "351.jpg", "phong": 35}}, {"model": "app.anh", "pk": 101, "fields": {"anhphong": "352.jpg", "phong": 35}}, {"model": "app.anh", "pk": 102, "fields": {"anhphong": "353_2G3eiH7.jpg", "phong": 35}}, {"model": "app.anh", "pk": 103, "fields": {"anhphong": "22-2_3KNJqPl.jpg", "phong": 33}}, {"model": "app.anh", "pk": 104, "fields": {"anhphong": "302_hdKNIu3.jpg", "phong": 33}}, {"model": "app.anh", "pk": 105, "fields": {"anhphong": "p5-3_exkKCjl.jpg", "phong": 33}}, {"model": "app.anh", "pk": 106, "fields": {"anhphong": "p1-1_2pmofaQ.jpg", "phong": 23}}, {"model": "app.anh", "pk": 107, "fields": {"anhphong": "p1-2_TwoAaK6.jpg", "phong": 23}}, {"model": "app.anh", "pk": 108, "fields": {"anhphong": "p2-2_6vqRuMR.jpg", "phong": 23}}, {"model": "app.danhgia", "pk": 1, "fields": {"user": 3, "phong": 5, "diem": 10, "binhluan": "tốt", "ngay_danhgia": "2023-11-09T05:25:38.211Z"}}, {"model": "app.danhgia", "pk": 2, "fields": {"user": 4, "phong": 35, "diem": 10, "binhluan": "clm", "ngay_danhgia": "2023-11-09T06:16:35.045Z"}}, {"model": "app.danhgia", "pk": 3, "fields": {"user": 4, "phong": 11, "diem": 5, "binhluan": "thấy ghê", "ngay_danhgia": "2023-11-09T06:18:27.713Z"}}, {"model": "app.tiennghi", "pk": 1, "fields": {"icon": "wi-fi.png", "tentiennghi": "Wi-fi", "mota_tiennghi": "Tại mọi phòng: Wifi miễn phí.\r\nCó ở một số khu vực công cộng: Wifi miễn phí"}}, {"model": "app.tiennghi", "pk": 2, "fields": {"icon": "cleaning.png", "tentiennghi": "Dịch vụ phòng", "mota_tiennghi": "Quầy tiếp tân 24 giờ.\r\nDịch vụ tư vấn/hỗ trợ khách.\r\nDọn phòng hàng ngày.\r\nNhân viên khiêng hành lý/hỗ trợ khách hàng.\r\nDịch vụ dọn phòng buổi tối."}}, {"model": "app.tiennghi", "pk": 3, "fields": {"icon": "breakfast.png", "tentiennghi": "Bữa sáng", "mota_tiennghi": "Phục vụ bữa sáng buffet hàng ngày từ 6:00 đến 10:00 với phụ phí: 550000 VNĐ cho người lớn và 500000 VNĐ cho trẻ em."}}, {"model": "app.tiennghi", "pk": 4, "fields": {"icon": "gym.png", "tentiennghi": "Gym", "mota_tiennghi": "Thời gian hoạt động 8:00 đến 19:00."}}, {"model": "app.tiennghi", "pk": 5, "fields": {"icon": "spa.png", "tentiennghi": "Spa", "mota_tiennghi": "Massage.\r\nPhòng tắm hơi.\r\nMở cửa mỗi ngày.\r\nBồn tắm thủy lực.\r\nPhòng xông hơi."}}, {"model": "app.tiennghi", "pk": 6, "fields": {"icon": "parking-sign.png", "tentiennghi": "Chỗ đậu xe", "mota_tiennghi": "Có bãi đậu xe tự phục vụ miễn phí trong khuôn viên"}}, {"model": "app.tiennghi", "pk": 7, "fields": {"icon": "swimming.png", "tentiennghi": "Bể bơi", "mota_tiennghi": "Thời gian hoạt động 7:00 đến 19:00.\r\nHồ bơi ngoài trời, hồ bơi trẻ em."}}, {"model": "app.tiennghi", "pk": 8, "fields": {"icon": "laundry.png", "tentiennghi": "Giặc ủi", "mota_tiennghi": "Dịch vụ giặt ủi/giặt khô.\r\nTrang thiết bị giặt ủi."}}, {"model": "app.tiennghi", "pk": 9, "fields": {"icon": "air-conditioner.png", "tentiennghi": "điều hòa", "mota_tiennghi": "Sử dụng những hàng điều uy tín, có chất lượng gió an toàn cho khách hàng."}}, {"model": "app.sapxeptn", "pk": 47, "fields": {"phong": 1, "tiennghi": 1, "ngaytrangbi": "2023-10-23T13:45:04.111Z"}}, {"model": "app.sapxeptn", "pk": 48, "fields": {"phong": 1, "tiennghi": 2, "ngaytrangbi": "2023-10-23T13:45:09.590Z"}}, {"model": "app.sapxeptn", "pk": 49, "fields": {"phong": 1, "tiennghi": 6, "ngaytrangbi": "2023-10-23T13:45:15.878Z"}}, {"model": "app.sapxeptn", "pk": 50, "fields": {"phong": 1, "tiennghi": 9, "ngaytrangbi": "2023-10-23T13:45:20.988Z"}}, {"model": "app.sapxeptn", "pk": 51, "fields": {"phong": 1, "tiennghi": 3, "ngaytrangbi": "2023-10-23T13:45:25.560Z"}}, {"model": "app.sapxeptn", "pk": 52, "fields": {"phong": 1, "tiennghi": 8, "ngaytrangbi": "2023-10-23T13:45:37.303Z"}}, {"model": "app.sapxeptn", "pk": 53, "fields": {"phong": 2, "tiennghi": 1, "ngaytrangbi": "2023-10-23T13:45:44.650Z"}}, {"model": "app.sapxeptn", "pk": 54, "fields": {"phong": 2, "tiennghi": 2, "ngaytrangbi": "2023-10-23T13:45:49.626Z"}}, {"model": "app.sapxeptn", "pk": 55, "fields": {"phong": 2, "tiennghi": 3, "ngaytrangbi": "2023-10-23T13:45:56.235Z"}}, {"model": "app.sapxeptn", "pk": 56, "fields": {"phong": 2, "tiennghi": 4, "ngaytrangbi": "2023-10-23T13:46:00.913Z"}}, {"model": "app.sapxeptn", "pk": 57, "fields": {"phong": 2, "tiennghi": 5, "ngaytrangbi": "2023-10-23T13:46:05.119Z"}}, {"model": "app.sapxeptn", "pk": 58, "fields": {"phong": 2, "tiennghi": 7, "ngaytrangbi": "2023-10-23T13:46:10.273Z"}}, {"model": "app.sapxeptn", "pk": 59, "fields": {"phong": 2, "tiennghi": 9, "ngaytrangbi": "2023-10-23T13:46:16Z"}}, {"model": "app.sapxeptn", "pk": 60, "fields": {"phong": 3, "tiennghi": 2, "ngaytrangbi": "2023-10-23T13:46:27.897Z"}}, {"model": "app.sapxeptn", "pk": 61, "fields": {"phong": 3, "tiennghi": 1, "ngaytrangbi": "2023-10-23T13:46:32.102Z"}}, {"model": "app.sapxeptn", "pk": 62, "fields": {"phong": 3, "tiennghi": 5, "ngaytrangbi": "2023-10-23T13:46:39.542Z"}}, {"model": "app.sapxeptn", "pk": 63, "fields": {"phong": 3, "tiennghi": 6, "ngaytrangbi": "2023-10-23T13:46:43.961Z"}}, {"model": "app.sapxeptn", "pk": 64, "fields": {"phong": 3, "tiennghi": 7, "ngaytrangbi": "2023-10-23T13:46:47.832Z"}}, {"model": "app.sapxeptn", "pk": 65, "fields": {"phong": 4, "tiennghi": 3, "ngaytrangbi": "2023-10-23T13:46:52.079Z"}}, {"model": "app.sapxeptn", "pk": 66, "fields": {"phong": 4, "tiennghi": 7, "ngaytrangbi": "2023-10-23T13:46:57.170Z"}}, {"model": "app.sapxeptn", "pk": 67, "fields": {"phong": 4, "tiennghi": 8, "ngaytrangbi": "2023-10-23T13:47:11.254Z"}}, {"model": "app.sapxeptn", "pk": 68, "fields": {"phong": 4, "tiennghi": 9, "ngaytrangbi": "2023-10-23T13:47:19.799Z"}}, {"model": "app.sapxeptn", "pk": 69, "fields": {"phong": 5, "tiennghi": 5, "ngaytrangbi": "2023-10-23T13:47:30.433Z"}}, {"model": "app.sapxeptn", "pk": 70, "fields": {"phong": 5, "tiennghi": 1, "ngaytrangbi": "2023-10-23T13:47:34.566Z"}}, {"model": "app.sapxeptn", "pk": 71, "fields": {"phong": 5, "tiennghi": 3, "ngaytrangbi": "2023-10-23T13:47:38.193Z"}}, {"model": "app.hoadon", "pk": 1, "fields": {"user": 3, "trangthaihoanthanh": "Chưa hoàn thành", "ngay_gio_dat": "2023-11-09T03:13:14.037Z"}}, {"model": "app.hoadon", "pk": 2, "fields": {"user": 4, "trangthaihoanthanh": "Chưa hoàn thành", "ngay_gio_dat": "2023-11-09T05:33:44.190Z"}}, {"model": "app.hoadon", "pk": 3, "fields": {"user": 4, "trangthaihoanthanh": "Chưa hoàn thành", "ngay_gio_dat": "2023-11-09T06:17:56.864Z"}}, {"model": "app.hoadon", "pk": 4, "fields": {"user": 3, "trangthaihoanthanh": "Chưa hoàn thành", "ngay_gio_dat": "2023-11-09T23:18:45.934Z"}}, {"model": "app.chitiethoadon", "pk": 1, "fields": {"phong": 5, "hoadon": 1, "ngay_gio_nhan": "2023-11-09T00:00:00Z", "ngay_gio_tra": "2023-11-10T00:00:00Z", "soluong": 1, "dongia": 1500000.0}}, {"model": "app.chitiethoadon", "pk": 2, "fields": {"phong": 35, "hoadon": 2, "ngay_gio_nhan": "2023-11-09T00:00:00Z", "ngay_gio_tra": "2023-11-10T00:00:00Z", "soluong": 1, "dongia": 2300000.0}}, {"model": "app.chitiethoadon", "pk": 3, "fields": {"phong": 11, "hoadon": 3, "ngay_gio_nhan": "2023-11-09T00:00:00Z", "ngay_gio_tra": "2023-11-10T00:00:00Z", "soluong": 1, "dongia": 700000.0}}, {"model": "app.chitiethoadon", "pk": 4, "fields": {"phong": 8, "hoadon": 4, "ngay_gio_nhan": "2023-11-12T00:00:00Z", "ngay_gio_tra": "2023-11-14T00:00:00Z", "soluong": 2, "dongia": 900000.0}}]